<metadata xml:lang="ko"><Esri><CreaDate>20240418</CreaDate><CreaTime>16095600</CreaTime><ArcGISFormat>1.0</ArcGISFormat><SyncOnce>FALSE</SyncOnce><DataProperties><itemProps><itemName Sync="TRUE">N3A_G0100000</itemName><imsContentType Sync="TRUE">002</imsContentType><itemLocation><linkage Sync="TRUE">file://\\DAEHOON\C$\gookclip\SHP_ALL\N3A_G0100000.shp</linkage><protocol Sync="TRUE">Local Area Network</protocol></itemLocation><itemSize Sync="TRUE">0.000</itemSize></itemProps><coordRef><type Sync="TRUE">Projected</type><geogcsn Sync="TRUE">GCS_Korea_2000</geogcsn><csUnits Sync="TRUE">Linear Unit: Meter (1.000000)</csUnits><projcsn Sync="TRUE">Korea_2000_Korea_Unified_Coordinate_System</projcsn><peXml Sync="TRUE">&lt;ProjectedCoordinateSystem xsi:type='typens:ProjectedCoordinateSystem' xmlns:xsi='http://www.w3.org/2001/XMLSchema-instance' xmlns:xs='http://www.w3.org/2001/XMLSchema' xmlns:typens='http://www.esri.com/schemas/ArcGIS/10.3'&gt;&lt;WKT&gt;PROJCS[&amp;quot;Korea_2000_Korea_Unified_Coordinate_System&amp;quot;,GEOGCS[&amp;quot;GCS_Korea_2000&amp;quot;,DATUM[&amp;quot;D_Korea_2000&amp;quot;,SPHEROID[&amp;quot;GRS_1980&amp;quot;,6378137.0,298.257222101]],PRIMEM[&amp;quot;Greenwich&amp;quot;,0.0],UNIT[&amp;quot;Degree&amp;quot;,0.0174532925199433]],PROJECTION[&amp;quot;Transverse_Mercator&amp;quot;],PARAMETER[&amp;quot;False_Easting&amp;quot;,1000000.0],PARAMETER[&amp;quot;False_Northing&amp;quot;,2000000.0],PARAMETER[&amp;quot;Central_Meridian&amp;quot;,127.5],PARAMETER[&amp;quot;Scale_Factor&amp;quot;,0.9996],PARAMETER[&amp;quot;Latitude_Of_Origin&amp;quot;,38.0],UNIT[&amp;quot;Meter&amp;quot;,1.0],AUTHORITY[&amp;quot;EPSG&amp;quot;,5179]]&lt;/WKT&gt;&lt;XOrigin&gt;-4620900&lt;/XOrigin&gt;&lt;YOrigin&gt;-12203900&lt;/YOrigin&gt;&lt;XYScale&gt;450445547.3910538&lt;/XYScale&gt;&lt;ZOrigin&gt;-100000&lt;/ZOrigin&gt;&lt;ZScale&gt;10000&lt;/ZScale&gt;&lt;MOrigin&gt;-100000&lt;/MOrigin&gt;&lt;MScale&gt;10000&lt;/MScale&gt;&lt;XYTolerance&gt;0.001&lt;/XYTolerance&gt;&lt;ZTolerance&gt;0.001&lt;/ZTolerance&gt;&lt;MTolerance&gt;0.001&lt;/MTolerance&gt;&lt;HighPrecision&gt;true&lt;/HighPrecision&gt;&lt;WKID&gt;102080&lt;/WKID&gt;&lt;LatestWKID&gt;5179&lt;/LatestWKID&gt;&lt;/ProjectedCoordinateSystem&gt;</peXml></coordRef><lineage><Process ToolSource="c:\program files (x86)\arcgis\desktop10.3\ArcToolbox\Toolboxes\Data Management Tools.tbx\Merge" Date="20230216" Time="180548">Merge E:\yeon_conv\draft_yeon\draft.gdb\N3A_G0100000;E:\yeon_conv\in\input.gdb\TN_SIGNGU_BNDRY E:\yeon_conv\output\output.gdb\N3A_G0100000 "UFID "UFID" true true false 34 Text 0 0 ,First,#,E:\yeon_conv\draft_yeon\draft.gdb\N3A_G0100000,UFID,-1,-1,E:\yeon_conv\in\input.gdb\TN_SIGNGU_BNDRY,UFID,-1,-1;BJCD "법정동코드" true true false 10 Text 0 0 ,First,#,E:\yeon_conv\draft_yeon\draft.gdb\N3A_G0100000,BJCD,-1,-1;NAME "명칭" true true false 100 Text 0 0 ,First,#,E:\yeon_conv\draft_yeon\draft.gdb\N3A_G0100000,NAME,-1,-1;DIVI "구분" true true false 6 Text 0 0 ,First,#,E:\yeon_conv\draft_yeon\draft.gdb\N3A_G0100000,DIVI,-1,-1;SCLS "통합코드" true true false 8 Text 0 0 ,First,#,E:\yeon_conv\draft_yeon\draft.gdb\N3A_G0100000,SCLS,-1,-1;FMTA "제작정보" true true false 9 Text 0 0 ,First,#,E:\yeon_conv\draft_yeon\draft.gdb\N3A_G0100000,FMTA,-1,-1;Shape_Length "Shape_Length" false true true 8 Double 0 0 ,First,#,E:\yeon_conv\draft_yeon\draft.gdb\N3A_G0100000,Shape_Length,-1,-1,E:\yeon_conv\in\input.gdb\TN_SIGNGU_BNDRY,Shape_Length,-1,-1;Shape_Area "Shape_Area" false true true 8 Double 0 0 ,First,#,E:\yeon_conv\draft_yeon\draft.gdb\N3A_G0100000,Shape_Area,-1,-1,E:\yeon_conv\in\input.gdb\TN_SIGNGU_BNDRY,Shape_Area,-1,-1;NF_ID "NF_ID" true true false 17 Text 0 0 ,First,#,E:\yeon_conv\in\input.gdb\TN_SIGNGU_BNDRY,NF_ID,-1,-1;ADZONE_NM "ADZONE_NM" true true false 100 Text 0 0 ,First,#,E:\yeon_conv\in\input.gdb\TN_SIGNGU_BNDRY,ADZONE_NM,-1,-1;LEGLCD_SE "LEGLCD_SE" true true false 10 Text 0 0 ,First,#,E:\yeon_conv\in\input.gdb\TN_SIGNGU_BNDRY,LEGLCD_SE,-1,-1;ADZONE_SE "ADZONE_SE" true true false 6 Text 0 0 ,First,#,E:\yeon_conv\in\input.gdb\TN_SIGNGU_BNDRY,ADZONE_SE,-1,-1;OBCHG_DT "OBCHG_DT" true true false 8 Date 0 0 ,First,#,E:\yeon_conv\in\input.gdb\TN_SIGNGU_BNDRY,OBCHG_DT,-1,-1;MESRMTH_SE "MESRMTH_SE" true true false 1 Text 0 0 ,First,#,E:\yeon_conv\in\input.gdb\TN_SIGNGU_BNDRY,MESRMTH_SE,-1,-1;RSREG_DT "RSREG_DT" true true false 8 Date 0 0 ,First,#,E:\yeon_conv\in\input.gdb\TN_SIGNGU_BNDRY,RSREG_DT,-1,-1;MNENT_NM "MNENT_NM" true true false 100 Text 0 0 ,First,#,E:\yeon_conv\in\input.gdb\TN_SIGNGU_BNDRY,MNENT_NM,-1,-1;DBREG_DT "DBREG_DT" true true false 8 Date 0 0 ,First,#,E:\yeon_conv\in\input.gdb\TN_SIGNGU_BNDRY,DBREG_DT,-1,-1"</Process><Process ToolSource="c:\program files (x86)\arcgis\desktop10.3\ArcToolbox\Toolboxes\Data Management Tools.tbx\CalculateField" Date="20230216" Time="180601">CalculateField E:/yeon_conv/output/output.gdb/N3A_G0100000 BJCD !LEGLCD_SE! PYTHON_9.3 #</Process><Process ToolSource="c:\program files (x86)\arcgis\desktop10.3\ArcToolbox\Toolboxes\Data Management Tools.tbx\CalculateField" Date="20230216" Time="180603">CalculateField E:/yeon_conv/output/output.gdb/N3A_G0100000 NAME !ADZONE_NM! PYTHON_9.3 #</Process><Process ToolSource="c:\program files (x86)\arcgis\desktop10.3\ArcToolbox\Toolboxes\Data Management Tools.tbx\CalculateField" Date="20230216" Time="180604">CalculateField E:/yeon_conv/output/output.gdb/N3A_G0100000 DIVI reclaass(!ADZONE_SE!,!DIVI!) PYTHON_9.3 "\ndef  reclaass(a, b):\n    if a =="ADD007":\n            b = 'HJD006'\n    elif a =="ADD008":\n            b = 'HJD007'\n    elif a =="ADD005" or a =="ADD006":\n            b = 'HJD005'              \n    return b"</Process><Process ToolSource="c:\program files (x86)\arcgis\desktop10.3\ArcToolbox\Toolboxes\Data Management Tools.tbx\CalculateField" Date="20230216" Time="180606">CalculateField E:/yeon_conv/output/output.gdb/N3A_G0100000 SCLS reclaass(!ADZONE_SE!,!SCLS!) PYTHON_9.3 "\ndef  reclaass(a, b):\n    if a =="ADD007":\n            b = 'G0018114'\n    elif a =="ADD008":\n            b = 'G0018115'\n    elif a =="ADD005" or a =="ADD006":\n            b = 'G0018113'              \n    return b"</Process><Process ToolSource="c:\program files (x86)\arcgis\desktop10.3\ArcToolbox\Toolboxes\Data Management Tools.tbx\RepairGeometry" Date="20230216" Time="202709">RepairGeometry E:/yeon_conv/output/output.gdb/N3A_G0100000 DELETE_NULL</Process><Process ToolSource="c:\program files (x86)\arcgis\desktop10.3\ArcToolbox\Toolboxes\Analysis Tools.tbx\SpatialJoin" Date="20230216" Time="203506">SpatialJoin E:/yeon_conv/output/output.gdb/N3A_G0100000 E:/yeon_conv/in/input.gdb/TN_MAPINDX_5K E:\yeon_conv\output\output.gdb\N3A_G0100000_SJ JOIN_ONE_TO_ONE KEEP_ALL "UFID "UFID" true true false 34 Text 0 0 ,First,#,E:/yeon_conv/output/output.gdb/N3A_G0100000,UFID,-1,-1;BJCD "법정동코드" true true false 10 Text 0 0 ,First,#,E:/yeon_conv/output/output.gdb/N3A_G0100000,BJCD,-1,-1;NAME "명칭" true true false 100 Text 0 0 ,First,#,E:/yeon_conv/output/output.gdb/N3A_G0100000,NAME,-1,-1;DIVI "구분" true true false 6 Text 0 0 ,First,#,E:/yeon_conv/output/output.gdb/N3A_G0100000,DIVI,-1,-1;SCLS "통합코드" true true false 8 Text 0 0 ,First,#,E:/yeon_conv/output/output.gdb/N3A_G0100000,SCLS,-1,-1;FMTA "제작정보" true true false 9 Text 0 0 ,First,#,E:/yeon_conv/output/output.gdb/N3A_G0100000,FMTA,-1,-1;NF_ID "NF_ID" true true false 17 Text 0 0 ,First,#,E:/yeon_conv/output/output.gdb/N3A_G0100000,NF_ID,-1,-1;ADZONE_NM "ADZONE_NM" true true false 100 Text 0 0 ,First,#,E:/yeon_conv/output/output.gdb/N3A_G0100000,ADZONE_NM,-1,-1;LEGLCD_SE "LEGLCD_SE" true true false 10 Text 0 0 ,First,#,E:/yeon_conv/output/output.gdb/N3A_G0100000,LEGLCD_SE,-1,-1;ADZONE_SE "ADZONE_SE" true true false 6 Text 0 0 ,First,#,E:/yeon_conv/output/output.gdb/N3A_G0100000,ADZONE_SE,-1,-1;OBCHG_DT "OBCHG_DT" true true false 8 Date 0 0 ,First,#,E:/yeon_conv/output/output.gdb/N3A_G0100000,OBCHG_DT,-1,-1;MESRMTH_SE "MESRMTH_SE" true true false 1 Text 0 0 ,First,#,E:/yeon_conv/output/output.gdb/N3A_G0100000,MESRMTH_SE,-1,-1;RSREG_DT "RSREG_DT" true true false 8 Date 0 0 ,First,#,E:/yeon_conv/output/output.gdb/N3A_G0100000,RSREG_DT,-1,-1;MNENT_NM "MNENT_NM" true true false 100 Text 0 0 ,First,#,E:/yeon_conv/output/output.gdb/N3A_G0100000,MNENT_NM,-1,-1;DBREG_DT "DBREG_DT" true true false 8 Date 0 0 ,First,#,E:/yeon_conv/output/output.gdb/N3A_G0100000,DBREG_DT,-1,-1;Shape_Length "Shape_Length" false true true 8 Double 0 0 ,First,#,E:/yeon_conv/output/output.gdb/N3A_G0100000,Shape_Length,-1,-1;Shape_Area "Shape_Area" false true true 8 Double 0 0 ,First,#,E:/yeon_conv/output/output.gdb/N3A_G0100000,Shape_Area,-1,-1;MAPIDCD_NO "MAPIDCD_NO" true true false 12 Text 0 0 ,First,#,E:/yeon_conv/in/input.gdb/TN_MAPINDX_5K,MAPIDCD_NO,-1,-1;MAPID_NM "MAPID_NM" true true false 100 Text 0 0 ,First,#,E:/yeon_conv/in/input.gdb/TN_MAPINDX_5K,MAPID_NM,-1,-1;Shape_Length_1 "Shape_Length_1" false true true 8 Double 0 0 ,First,#,E:/yeon_conv/in/input.gdb/TN_MAPINDX_5K,Shape_Length,-1,-1;Shape_Area_1 "Shape_Area_1" false true true 8 Double 0 0 ,First,#,E:/yeon_conv/in/input.gdb/TN_MAPINDX_5K,Shape_Area,-1,-1" HAVE_THEIR_CENTER_IN # #</Process><Process ToolSource="c:\program files (x86)\arcgis\desktop10.3\ArcToolbox\Toolboxes\Data Management Tools.tbx\AddField" Date="20230216" Time="203512">AddField E:/yeon_conv/output/output.gdb/N3A_G0100000_SJ A TEXT # # # # NULLABLE NON_REQUIRED #</Process><Process ToolSource="c:\program files (x86)\arcgis\desktop10.3\ArcToolbox\Toolboxes\Data Management Tools.tbx\CalculateField" Date="20230216" Time="203514">CalculateField E:/yeon_conv/output/output.gdb/N3A_G0100000_SJ A "100000000000000+ !OBJECTID!" PYTHON_9.3 #</Process><Process ToolSource="c:\program files (x86)\arcgis\desktop10.3\ArcToolbox\Toolboxes\Data Management Tools.tbx\Merge" Date="20230216" Time="203520">Merge E:\yeon_conv\output\output.gdb\N3A_G0100000_SJ E:\yeon_conv\output\final.gdb\N3A_G0100000 "UFID "UFID" true true false 34 Text 0 0 ,First,#,E:\yeon_conv\output\output.gdb\N3A_G0100000_SJ,UFID,-1,-1;BJCD "BJCD" true true false 10 Text 0 0 ,First,#,E:\yeon_conv\output\output.gdb\N3A_G0100000_SJ,BJCD,-1,-1;NAME "NAME" true true false 100 Text 0 0 ,First,#,E:\yeon_conv\output\output.gdb\N3A_G0100000_SJ,NAME,-1,-1;DIVI "DIVI" true true false 6 Text 0 0 ,First,#,E:\yeon_conv\output\output.gdb\N3A_G0100000_SJ,DIVI,-1,-1;SCLS "SCLS" true true false 8 Text 0 0 ,First,#,E:\yeon_conv\output\output.gdb\N3A_G0100000_SJ,SCLS,-1,-1;FMTA "FMTA" true true false 9 Text 0 0 ,First,#,E:\yeon_conv\output\output.gdb\N3A_G0100000_SJ,FMTA,-1,-1;MAPIDCD_NO "MAPIDCD_NO" true true false 12 Text 0 0 ,First,#,E:\yeon_conv\output\output.gdb\N3A_G0100000_SJ,MAPIDCD_NO,-1,-1;A "A" true true false 255 Text 0 0 ,First,#,E:\yeon_conv\output\output.gdb\N3A_G0100000_SJ,A,-1,-1"</Process><Process ToolSource="c:\program files (x86)\arcgis\desktop10.3\ArcToolbox\Toolboxes\Data Management Tools.tbx\DeleteFeatures" Date="20230220" Time="095038">DeleteFeatures 기존\N3A_G0100000</Process><Process ToolSource="c:\program files (x86)\arcgis\desktop10.3\ArcToolbox\Toolboxes\Data Management Tools.tbx\CalculateField" Date="20230220" Time="111641">CalculateField D:\22년_국가기본도및인터넷지도\!!국가기본도검사\230220_연속수치지형도\final.gdb\N3A_G0100000 UFID ""1000"&amp; [MAPIDCD_NO]&amp;"G01010"&amp;100000000000000+ [OBJECTID]" VB #</Process><Process ToolSource="c:\program files (x86)\arcgis\desktop10.3\ArcToolbox\Toolboxes\Data Management Tools.tbx\CalculateField" Date="20230220" Time="124301">CalculateField D:\22년_국가기본도및인터넷지도\!!국가기본도검사\230220_연속수치지형도\final.gdb\N3A_G0100000 FMTA "R2201"&amp;RIGHT([A],4) VB #</Process><Process ToolSource="c:\program files (x86)\arcgis\desktop10.3\ArcToolbox\Toolboxes\Data Management Tools.tbx\DefineProjection" Date="20230220" Time="143132">DefineProjection D:\22년_국가기본도및인터넷지도\!!국가기본도검사\230220_연속수치지형도\final.gdb\N3A_G0100000 PROJCS['Korea_2000_Korea_Unified_Coordinate_System',GEOGCS['GCS_Korea_2000',DATUM['D_Korea_2000',SPHEROID['GRS_1980',6378137.0,298.257222101]],PRIMEM['Greenwich',0.0],UNIT['Degree',0.0174532925199433]],PROJECTION['Transverse_Mercator'],PARAMETER['False_Easting',1000000.0],PARAMETER['False_Northing',2000000.0],PARAMETER['Central_Meridian',127.5],PARAMETER['Scale_Factor',0.9996],PARAMETER['Latitude_Of_Origin',38.0],UNIT['Meter',1.0]]</Process><Process ToolSource="c:\program files (x86)\arcgis\desktop10.3\ArcToolbox\Toolboxes\Data Management Tools.tbx\DeleteField" Date="20230221" Time="092211">DeleteField D:\22년_국가기본도및인터넷지도\!!국가기본도검사\230220_연속수치지형도\수치지형도_연속화.gdb\N5000\N3A_G0100000 MAPIDCD_NO;A;ORIG_FID</Process><Process ToolSource="c:\program files (x86)\arcgis\desktop10.3\ArcToolbox\Toolboxes\Data Management Tools.tbx\Merge" Date="20240418" Time="141536">Merge C:\yeon_conv\draft_yeon\draft.gdb\N3A_G0100000;C:\yeon_conv\in\input.gdb\TN_SIGNGU_BNDRY C:\yeon_conv\output\output.gdb\N3A_G0100000 "UFID "UFID" true true false 34 Text 0 0 ,First,#,C:\yeon_conv\draft_yeon\draft.gdb\N3A_G0100000,UFID,-1,-1;BJCD "법정동코드" true true false 10 Text 0 0 ,First,#,C:\yeon_conv\draft_yeon\draft.gdb\N3A_G0100000,BJCD,-1,-1;NAME "명칭" true true false 100 Text 0 0 ,First,#,C:\yeon_conv\draft_yeon\draft.gdb\N3A_G0100000,NAME,-1,-1;DIVI "구분" true true false 6 Text 0 0 ,First,#,C:\yeon_conv\draft_yeon\draft.gdb\N3A_G0100000,DIVI,-1,-1;SCLS "통합코드" true true false 8 Text 0 0 ,First,#,C:\yeon_conv\draft_yeon\draft.gdb\N3A_G0100000,SCLS,-1,-1;FMTA "제작정보" true true false 9 Text 0 0 ,First,#,C:\yeon_conv\draft_yeon\draft.gdb\N3A_G0100000,FMTA,-1,-1;Shape_Length "Shape_Length" false true true 8 Double 0 0 ,First,#,C:\yeon_conv\draft_yeon\draft.gdb\N3A_G0100000,Shape_Length,-1,-1,C:\yeon_conv\in\input.gdb\TN_SIGNGU_BNDRY,Shape_Length,-1,-1;Shape_Area "Shape_Area" false true true 8 Double 0 0 ,First,#,C:\yeon_conv\draft_yeon\draft.gdb\N3A_G0100000,Shape_Area,-1,-1,C:\yeon_conv\in\input.gdb\TN_SIGNGU_BNDRY,Shape_Area,-1,-1;NF_ID "NF_ID" true true false 17 Text 0 0 ,First,#,C:\yeon_conv\in\input.gdb\TN_SIGNGU_BNDRY,NF_ID,-1,-1;ADZONE_NM "ADZONE_NM" true true false 100 Text 0 0 ,First,#,C:\yeon_conv\in\input.gdb\TN_SIGNGU_BNDRY,ADZONE_NM,-1,-1;LEGLCD_SE "LEGLCD_SE" true true false 10 Text 0 0 ,First,#,C:\yeon_conv\in\input.gdb\TN_SIGNGU_BNDRY,LEGLCD_SE,-1,-1;ADZONE_SE "ADZONE_SE" true true false 6 Text 0 0 ,First,#,C:\yeon_conv\in\input.gdb\TN_SIGNGU_BNDRY,ADZONE_SE,-1,-1;OBCHG_DT "OBCHG_DT" true true false 8 Date 0 0 ,First,#,C:\yeon_conv\in\input.gdb\TN_SIGNGU_BNDRY,OBCHG_DT,-1,-1;MESRMTH_SE "MESRMTH_SE" true true false 1 Text 0 0 ,First,#,C:\yeon_conv\in\input.gdb\TN_SIGNGU_BNDRY,MESRMTH_SE,-1,-1;RSREG_DT "RSREG_DT" true true false 8 Date 0 0 ,First,#,C:\yeon_conv\in\input.gdb\TN_SIGNGU_BNDRY,RSREG_DT,-1,-1;MNENT_NM "MNENT_NM" true true false 100 Text 0 0 ,First,#,C:\yeon_conv\in\input.gdb\TN_SIGNGU_BNDRY,MNENT_NM,-1,-1;DBREG_DT "DBREG_DT" true true false 8 Date 0 0 ,First,#,C:\yeon_conv\in\input.gdb\TN_SIGNGU_BNDRY,DBREG_DT,-1,-1"</Process><Process ToolSource="c:\program files (x86)\arcgis\desktop10.3\ArcToolbox\Toolboxes\Data Management Tools.tbx\CalculateField" Date="20240418" Time="141539">CalculateField C:/yeon_conv/output/output.gdb/N3A_G0100000 BJCD !LEGLCD_SE! PYTHON_9.3 #</Process><Process ToolSource="c:\program files (x86)\arcgis\desktop10.3\ArcToolbox\Toolboxes\Data Management Tools.tbx\CalculateField" Date="20240418" Time="141541">CalculateField C:/yeon_conv/output/output.gdb/N3A_G0100000 NAME !ADZONE_NM! PYTHON_9.3 #</Process><Process ToolSource="c:\program files (x86)\arcgis\desktop10.3\ArcToolbox\Toolboxes\Data Management Tools.tbx\CalculateField" Date="20240418" Time="141543">CalculateField C:/yeon_conv/output/output.gdb/N3A_G0100000 DIVI reclaass(!ADZONE_SE!,!DIVI!) PYTHON_9.3 "\ndef  reclaass(a, b):\n    if a =="ADD007":\n            b = 'HJD006'\n    elif a =="ADD008":\n            b = 'HJD007'\n    elif a =="ADD005" or a =="ADD006":\n            b = 'HJD005'              \n    return b"</Process><Process ToolSource="c:\program files (x86)\arcgis\desktop10.3\ArcToolbox\Toolboxes\Data Management Tools.tbx\CalculateField" Date="20240418" Time="141545">CalculateField C:/yeon_conv/output/output.gdb/N3A_G0100000 SCLS reclaass(!ADZONE_SE!,!SCLS!) PYTHON_9.3 "\ndef  reclaass(a, b):\n    if a =="ADD007":\n            b = 'G0018114'\n    elif a =="ADD008":\n            b = 'G0018115'\n    elif a =="ADD005" or a =="ADD006":\n            b = 'G0018113'              \n    return b"</Process><Process ToolSource="c:\program files (x86)\arcgis\desktop10.3\ArcToolbox\Toolboxes\Data Management Tools.tbx\RepairGeometry" Date="20240418" Time="154328">RepairGeometry C:/yeon_conv/output/output.gdb/N3A_G0100000 DELETE_NULL</Process><Process ToolSource="c:\program files (x86)\arcgis\desktop10.3\ArcToolbox\Toolboxes\Analysis Tools.tbx\SpatialJoin" Date="20240418" Time="154518">SpatialJoin C:/yeon_conv/output/output.gdb/N3A_G0100000 C:/yeon_conv/in/input.gdb/TN_MAPINDX_5K C:\yeon_conv\output\output.gdb\N3A_G0100000_SJ JOIN_ONE_TO_ONE KEEP_ALL "UFID "UFID" true true false 34 Text 0 0 ,First,#,C:/yeon_conv/output/output.gdb/N3A_G0100000,UFID,-1,-1;BJCD "법정동코드" true true false 10 Text 0 0 ,First,#,C:/yeon_conv/output/output.gdb/N3A_G0100000,BJCD,-1,-1;NAME "명칭" true true false 100 Text 0 0 ,First,#,C:/yeon_conv/output/output.gdb/N3A_G0100000,NAME,-1,-1;DIVI "구분" true true false 6 Text 0 0 ,First,#,C:/yeon_conv/output/output.gdb/N3A_G0100000,DIVI,-1,-1;SCLS "통합코드" true true false 8 Text 0 0 ,First,#,C:/yeon_conv/output/output.gdb/N3A_G0100000,SCLS,-1,-1;FMTA "제작정보" true true false 9 Text 0 0 ,First,#,C:/yeon_conv/output/output.gdb/N3A_G0100000,FMTA,-1,-1;NF_ID "NF_ID" true true false 17 Text 0 0 ,First,#,C:/yeon_conv/output/output.gdb/N3A_G0100000,NF_ID,-1,-1;ADZONE_NM "ADZONE_NM" true true false 100 Text 0 0 ,First,#,C:/yeon_conv/output/output.gdb/N3A_G0100000,ADZONE_NM,-1,-1;LEGLCD_SE "LEGLCD_SE" true true false 10 Text 0 0 ,First,#,C:/yeon_conv/output/output.gdb/N3A_G0100000,LEGLCD_SE,-1,-1;ADZONE_SE "ADZONE_SE" true true false 6 Text 0 0 ,First,#,C:/yeon_conv/output/output.gdb/N3A_G0100000,ADZONE_SE,-1,-1;OBCHG_DT "OBCHG_DT" true true false 8 Date 0 0 ,First,#,C:/yeon_conv/output/output.gdb/N3A_G0100000,OBCHG_DT,-1,-1;MESRMTH_SE "MESRMTH_SE" true true false 1 Text 0 0 ,First,#,C:/yeon_conv/output/output.gdb/N3A_G0100000,MESRMTH_SE,-1,-1;RSREG_DT "RSREG_DT" true true false 8 Date 0 0 ,First,#,C:/yeon_conv/output/output.gdb/N3A_G0100000,RSREG_DT,-1,-1;MNENT_NM "MNENT_NM" true true false 100 Text 0 0 ,First,#,C:/yeon_conv/output/output.gdb/N3A_G0100000,MNENT_NM,-1,-1;DBREG_DT "DBREG_DT" true true false 8 Date 0 0 ,First,#,C:/yeon_conv/output/output.gdb/N3A_G0100000,DBREG_DT,-1,-1;Shape_Length "Shape_Length" false true true 8 Double 0 0 ,First,#,C:/yeon_conv/output/output.gdb/N3A_G0100000,Shape_Length,-1,-1;Shape_Area "Shape_Area" false true true 8 Double 0 0 ,First,#,C:/yeon_conv/output/output.gdb/N3A_G0100000,Shape_Area,-1,-1;MAPIDCD_NO "도엽코드" true true false 12 Text 0 0 ,First,#,C:/yeon_conv/in/input.gdb/TN_MAPINDX_5K,MAPIDCD_NO,-1,-1;MAPID_NM "도엽명" true true false 20 Text 0 0 ,First,#,C:/yeon_conv/in/input.gdb/TN_MAPINDX_5K,MAPID_NM,-1,-1;MAPID_NO "도엽번호" true true false 14 Text 0 0 ,First,#,C:/yeon_conv/in/input.gdb/TN_MAPINDX_5K,MAPID_NO,-1,-1;Shape_Length_1 "Shape_Length_1" false true true 8 Double 0 0 ,First,#,C:/yeon_conv/in/input.gdb/TN_MAPINDX_5K,Shape_Length,-1,-1;Shape_Area_1 "Shape_Area_1" false true true 8 Double 0 0 ,First,#,C:/yeon_conv/in/input.gdb/TN_MAPINDX_5K,Shape_Area,-1,-1" HAVE_THEIR_CENTER_IN # #</Process><Process ToolSource="c:\program files (x86)\arcgis\desktop10.3\ArcToolbox\Toolboxes\Data Management Tools.tbx\AddField" Date="20240418" Time="154525">AddField C:/yeon_conv/output/output.gdb/N3A_G0100000_SJ A TEXT # # # # NULLABLE NON_REQUIRED #</Process><Process ToolSource="c:\program files (x86)\arcgis\desktop10.3\ArcToolbox\Toolboxes\Data Management Tools.tbx\CalculateField" Date="20240418" Time="154526">CalculateField C:/yeon_conv/output/output.gdb/N3A_G0100000_SJ A "100000000000000+ !OBJECTID!" PYTHON_9.3 #</Process><Process ToolSource="c:\program files (x86)\arcgis\desktop10.3\ArcToolbox\Toolboxes\Data Management Tools.tbx\Merge" Date="20240418" Time="154533">Merge C:\yeon_conv\output\output.gdb\N3A_G0100000_SJ C:\yeon_conv\output\final.gdb\N3A_G0100000 "UFID "UFID" true true false 34 Text 0 0 ,First,#,C:\yeon_conv\output\output.gdb\N3A_G0100000_SJ,UFID,-1,-1;BJCD "BJCD" true true false 10 Text 0 0 ,First,#,C:\yeon_conv\output\output.gdb\N3A_G0100000_SJ,BJCD,-1,-1;NAME "NAME" true true false 100 Text 0 0 ,First,#,C:\yeon_conv\output\output.gdb\N3A_G0100000_SJ,NAME,-1,-1;DIVI "DIVI" true true false 6 Text 0 0 ,First,#,C:\yeon_conv\output\output.gdb\N3A_G0100000_SJ,DIVI,-1,-1;SCLS "SCLS" true true false 8 Text 0 0 ,First,#,C:\yeon_conv\output\output.gdb\N3A_G0100000_SJ,SCLS,-1,-1;FMTA "FMTA" true true false 9 Text 0 0 ,First,#,C:\yeon_conv\output\output.gdb\N3A_G0100000_SJ,FMTA,-1,-1;MAPIDCD_NO "MAPIDCD_NO" true true false 12 Text 0 0 ,First,#,C:\yeon_conv\output\output.gdb\N3A_G0100000_SJ,MAPIDCD_NO,-1,-1;A "A" true true false 255 Text 0 0 ,First,#,C:\yeon_conv\output\output.gdb\N3A_G0100000_SJ,A,-1,-1"</Process><Process ToolSource="c:\program files (x86)\arcgis\desktop10.3\ArcToolbox\Toolboxes\Data Management Tools.tbx\CalculateField" Date="20240418" Time="155959">CalculateField C:\240415_연속수치지형도\변환후\행정구역.gdb\N3A_G0100000 UFID ""1000"&amp; [MAPIDCD_NO]&amp;"G01010"&amp;100000000000000+ [OBJECTID]" VB #</Process><Process ToolSource="c:\program files (x86)\arcgis\desktop10.3\ArcToolbox\Toolboxes\Data Management Tools.tbx\CalculateField" Date="20240418" Time="160006">CalculateField C:\240415_연속수치지형도\변환후\행정구역.gdb\N3A_G0100000 FMTA "R2312"&amp;RIGHT([A],4) VB #</Process><Process ToolSource="c:\program files (x86)\arcgis\desktop10.3\ArcToolbox\Toolboxes\Data Management Tools.tbx\DeleteField" Date="20240418" Time="160648">DeleteField N3A_G0100000 MAPIDCD_NO;A</Process><Process ToolSource="c:\program files (x86)\arcgis\desktop10.3\ArcToolbox\Toolboxes\Data Management Tools.tbx\EliminatePolygonPart" Date="20240418" Time="160901">EliminatePolygonPart C:\240415_연속수치지형도\변환후\행정구역.gdb\N3A_G0100000 C:\240415_연속수치지형도\변환후\행정구역.gdb\N3A_G0100000_EliminatePolygo AREA "1 SquareMeters" 0 CONTAINED_ONLY</Process><Process ToolSource="c:\program files (x86)\arcgis\desktop10.3\ArcToolbox\Toolboxes\Data Management Tools.tbx\DeleteField" Date="20240418" Time="160931">DeleteField C:\240415_연속수치지형도\변환후\행정구역.gdb\N3A_G0100000 ORIG_FID</Process><Process ToolSource="c:\program files (x86)\arcgis\desktop10.3\ArcToolbox\Toolboxes\Data Management Tools.tbx\CalculateField" Date="20240419" Time="091457">CalculateField N3A_G0100000 BJCD 4119000000 VB #</Process></lineage></DataProperties><SyncDate>20240419</SyncDate><SyncTime>09200500</SyncTime><ModDate>20240419</ModDate><ModTime>09200500</ModTime></Esri><dataIdInfo><envirDesc Sync="TRUE"> Version 6.2 (Build 9200) ; Esri ArcGIS 10.3.1.4959</envirDesc><dataLang><languageCode value="kor" Sync="TRUE"></languageCode><countryCode value="KOR" Sync="TRUE"></countryCode></dataLang><idCitation><resTitle Sync="TRUE">N3A_G0100000</resTitle><presForm><PresFormCd value="005" Sync="TRUE"></PresFormCd></presForm></idCitation><spatRpType><SpatRepTypCd value="001" Sync="TRUE"></SpatRepTypCd></spatRpType></dataIdInfo><mdLang><languageCode value="kor" Sync="TRUE"></languageCode><countryCode value="KOR" Sync="TRUE"></countryCode></mdLang><distInfo><distFormat><formatName Sync="TRUE">Shapefile</formatName></distFormat><distTranOps><transSize Sync="TRUE">0.000</transSize></distTranOps></distInfo><mdHrLv><ScopeCd value="005" Sync="TRUE"></ScopeCd></mdHrLv><mdHrLvName Sync="TRUE">dataset</mdHrLvName><refSysInfo><RefSystem><refSysID><identCode code="5179" Sync="TRUE"></identCode><idCodeSpace Sync="TRUE">EPSG</idCodeSpace><idVersion Sync="TRUE">8.6.2</idVersion></refSysID></RefSystem></refSysInfo><spatRepInfo><VectSpatRep><geometObjs Name="N3A_G0100000"><geoObjTyp><GeoObjTypCd value="002" Sync="TRUE"></GeoObjTypCd></geoObjTyp><geoObjCnt Sync="TRUE">0</geoObjCnt></geometObjs><topLvl><TopoLevCd value="001" Sync="TRUE"></TopoLevCd></topLvl></VectSpatRep></spatRepInfo><spdoinfo><ptvctinf><esriterm Name="N3A_G0100000"><efeatyp Sync="TRUE">Simple</efeatyp><efeageom code="4" Sync="TRUE"></efeageom><esritopo Sync="TRUE">FALSE</esritopo><efeacnt Sync="TRUE">0</efeacnt><spindex Sync="TRUE">FALSE</spindex><linrefer Sync="TRUE">FALSE</linrefer></esriterm></ptvctinf></spdoinfo><eainfo><detailed Name="N3A_G0100000"><enttyp><enttypl Sync="TRUE">N3A_G0100000</enttypl><enttypt Sync="TRUE">Feature Class</enttypt><enttypc Sync="TRUE">0</enttypc></enttyp><attr><attrlabl Sync="TRUE">FID</attrlabl><attalias Sync="TRUE">FID</attalias><attrtype Sync="TRUE">OID</attrtype><attwidth Sync="TRUE">4</attwidth><atprecis Sync="TRUE">0</atprecis><attscale Sync="TRUE">0</attscale><attrdef Sync="TRUE">Internal feature number.</attrdef><attrdefs Sync="TRUE">Esri</attrdefs><attrdomv><udom Sync="TRUE">Sequential unique whole numbers that are automatically generated.</udom></attrdomv></attr><attr><attrlabl Sync="TRUE">Shape</attrlabl><attalias Sync="TRUE">Shape</attalias><attrtype Sync="TRUE">Geometry</attrtype><attwidth Sync="TRUE">0</attwidth><atprecis Sync="TRUE">0</atprecis><attscale Sync="TRUE">0</attscale><attrdef Sync="TRUE">Feature geometry.</attrdef><attrdefs Sync="TRUE">Esri</attrdefs><attrdomv><udom Sync="TRUE">Coordinates defining the features.</udom></attrdomv></attr><attr><attrlabl Sync="TRUE">UFID</attrlabl><attalias Sync="TRUE">UFID</attalias><attrtype Sync="TRUE">String</attrtype><attwidth Sync="TRUE">34</attwidth><atprecis Sync="TRUE">0</atprecis><attscale Sync="TRUE">0</attscale></attr><attr><attrlabl Sync="TRUE">BJCD</attrlabl><attalias Sync="TRUE">BJCD</attalias><attrtype Sync="TRUE">String</attrtype><attwidth Sync="TRUE">10</attwidth><atprecis Sync="TRUE">0</atprecis><attscale Sync="TRUE">0</attscale></attr><attr><attrlabl Sync="TRUE">NAME</attrlabl><attalias Sync="TRUE">NAME</attalias><attrtype Sync="TRUE">String</attrtype><attwidth Sync="TRUE">100</attwidth><atprecis Sync="TRUE">0</atprecis><attscale Sync="TRUE">0</attscale></attr><attr><attrlabl Sync="TRUE">DIVI</attrlabl><attalias Sync="TRUE">DIVI</attalias><attrtype Sync="TRUE">String</attrtype><attwidth Sync="TRUE">6</attwidth><atprecis Sync="TRUE">0</atprecis><attscale Sync="TRUE">0</attscale></attr><attr><attrlabl Sync="TRUE">SCLS</attrlabl><attalias Sync="TRUE">SCLS</attalias><attrtype Sync="TRUE">String</attrtype><attwidth Sync="TRUE">8</attwidth><atprecis Sync="TRUE">0</atprecis><attscale Sync="TRUE">0</attscale></attr><attr><attrlabl Sync="TRUE">FMTA</attrlabl><attalias Sync="TRUE">FMTA</attalias><attrtype Sync="TRUE">String</attrtype><attwidth Sync="TRUE">9</attwidth><atprecis Sync="TRUE">0</atprecis><attscale Sync="TRUE">0</attscale></attr><attr><attrlabl Sync="TRUE">Shape_Leng</attrlabl><attalias Sync="TRUE">Shape_Leng</attalias><attrtype Sync="TRUE">Double</attrtype><attwidth Sync="TRUE">19</attwidth><atprecis Sync="TRUE">0</atprecis><attscale Sync="TRUE">0</attscale></attr><attr><attrlabl Sync="TRUE">Shape_Area</attrlabl><attalias Sync="TRUE">Shape_Area</attalias><attrtype Sync="TRUE">Double</attrtype><attwidth Sync="TRUE">19</attwidth><atprecis Sync="TRUE">0</atprecis><attscale Sync="TRUE">0</attscale><attrdef Sync="TRUE">Area of feature in internal units squared.</attrdef><attrdefs Sync="TRUE">Esri</attrdefs><attrdomv><udom Sync="TRUE">Positive real numbers that are automatically generated.</udom></attrdomv></attr></detailed></eainfo><mdDateSt Sync="TRUE">20240419</mdDateSt></metadata>
